Date,Amount,Comments
1-Mar-17,100,
2-Mar-17,200,
3-Mar-17,300,
4-Mar-17,400,
5-Mar-17,500,
6-Mar-17,600,
7-Mar-17,700,
8-Mar-17,800,
9-Mar-17,900,
10-Mar-17,1000,
11-Mar-17,1100,
12-Mar-17,1200,
13-Mar-17,1300,
14-Mar-17,1400,
15-Mar-17,1500,
16-Mar-17,1600,
17-Mar-17,1700,
18-Mar-17,1800,
19-Mar-17,1900,
20-Mar-17,2000,
21-Mar-17,2100,
22-Mar-17,2200,
23-Mar-17,2300,
24-Mar-17,2400,
25-Mar-17,2500,
26-Mar-17,2600,
27-Mar-17,2700,
28-Mar-17,2800,
29-Mar-17,2900,
30-Mar-17,3000,
31-Mar-17,3100,
